NUTS_ID,year,achieve_rate_GCSE,FSM,GRANTFUNDING,PERCTOT
UKC11,2012,68,27.0711538461539,5372.06542056075,4.54766355140187
UKC11,2013,57.6,27.2647619047619,5354.40740740741,5.3537037037037
UKC11,2014,53.6666666666667,23.7933333333333,5087.58241758242,4.23736263736264
UKC11,2015,52.8461538461539,21.4951807228916,5119.40963855422,4.03855421686747
UKC11,2016,79.2,19.104121908824,5667,4.40942574844588
UKC12,2012,54.0714285714286,33.2352380952381,5699.42857142857,4.60285714285714
UKC12,2013,57.6,33.6021052631579,5560.76842105263,5.26105263157895
UKC12,2014,59.6545454545455,30.832183908046,5736.45977011494,4.21954022988506
UKC12,2015,63.3076923076923,30.208,6263.65333333333,4.50933333333333
UKC12,2016,82.4,17.1436625871182,5798.2,4.60357789774814
UKC13,2012,55.6,24.288,4841.28,4.936
UKC13,2013,81.5,24.6,4236.54545454546,4.92727272727273
UKC13,2014,67.8,28.3888888888889,4635.11111111111,3.26666666666667
UKC13,2015,67.5166666666667,25.9333333333333,5135.55555555556,4.97777777777778
UKC13,2016,78.2,12.6476970688298,5740,4.67169671856603
UKC14,2012,68.84,23.1491935483871,5453.25882352941,4.73254901960784
UKC14,2013,60.1388888888889,24.7510460251046,5540.01632653061,4.69428571428571
UKC14,2014,57.6588235294118,23.6594936708861,5862.98340248963,4.08755186721992
UKC14,2015,59.0941176470588,22.2153191489362,6034.91914893617,4.05829787234043
UKC14,2016,69.4,20.0547332516828,5732.2,4.40309351315015
UKC21,2012,60.1428571428572,16.4227272727273,6395.20467836257,4.63157894736842
UKC21,2013,67.2,18.0478260869565,6047.24404761905,4.95
UKC21,2014,46.375,15.5027210884354,6152.46913580247,3.7462962962963
UKC21,2015,53.8,13.0312101910828,6393.89171974522,4.24904458598726
UKC21,2016,75.4,16.3569920585614,5737,4.6160757694533
UKC22,2012,61.6190476190476,26.9447916666667,5616.22491349481,4.72076124567474
UKC22,2013,54.5761904761905,26.3613718411552,5633.8273381295,5.49388489208633
UKC22,2014,51.8186046511628,25.7178181818182,5822.65217391304,4.12355072463768
UKC22,2015,58.1725,23.2569852941176,5855.76838235294,4.94375
UKC22,2016,76.4,15.5644967460289,5722.8,4.51729407417362
UKC23,2012,60.5714285714286,29.0226804123711,5608.84536082474,4.37319587628866
UKC23,2013,59.1,27.3964285714286,5221.04761904762,5.6
UKC23,2014,60.2727272727273,26.095945945946,5391.35135135135,4.43918918918919
UKC23,2015,61.7133333333333,24.2942857142857,5243.52857142857,4.04714285714286
UKC23,2016,81.6,13.8081352970988,5679.4,4.51859167268841
UKD11,2012,47.5,17.5529411764706,4823.09090909091,4.48811188811189
UKD11,2013,59.9714285714286,20.1268907563025,4995.25874125874,4.63846153846154
UKD11,2014,59,18.0669291338583,5075.06382978723,4.54468085106383
UKD11,2015,55.5555555555556,15.2457142857143,5298.2,4.51857142857143
UKD11,2016,78.4,19.5799567527119,5686,4.84806272909688
UKD12,2012,62,10.5491803278689,4815.13698630137,4.63219178082192
UKD12,2013,64.9230769230769,11.96875,4931.5985915493,4.9387323943662
UKD12,2014,58.25,10.8923076923077,5310.78417266187,4.58489208633094
UKD12,2015,56.0625,8.54518518518519,5536.41481481482,5.11925925925926
UKD12,2016,84.6,17.2739037789977,5701.2,4.6461107651782
UKD33,2012,61.5238095238095,37.51953125,6610.6953125,4.978125
UKD33,2013,58.7875,36.3033898305085,6423.93220338983,5.53728813559322
UKD33,2014,54.2304347826087,33.6242990654206,6646.8785046729,4.52242990654206
UKD33,2015,57.0444444444444,31.350495049505,7047.31683168317,4.63069306930693
UKD33,2016,78,22.9110185913978,5752.4,5.0468616961357
UKD34,2012,65.5263157894737,21.5513888888889,5534.03472222222,4.62222222222222
UKD34,2013,56.455,20.8864661654135,5485.59259259259,4.93925925925926
UKD34,2014,56.1666666666667,20.1795454545455,5599.15037593985,4.85263157894737
UKD34,2015,56.2777777777778,17.4915384615385,5707.31538461538,4.53461538461538
UKD34,2016,84.6,21.3552409832323,5698.2,4.90599946565113
UKD35,2012,60.448275862069,20.4702702702703,5392.82352941177,4.3475935828877
UKD35,2013,56.8708333333333,20.1901639344262,5323.05434782609,5.43967391304348
UKD35,2014,54.6074074074074,19.1983425414365,5290.33149171271,5.03093922651934
UKD35,2015,46.9607142857143,18.7370786516854,5526.58988764045,4.92865168539326
UKD35,2016,84.6,16.2267565973353,5697.8,4.66490770565887
UKD36,2012,65.5416666666667,21.331330472103,5253.90128755365,5.11030042918455
UKD36,2013,68.4444444444445,20.9794642857143,5385.54222222222,4.88177777777778
UKD36,2014,52.3846153846154,19.8045454545455,5591.52036199095,5.31221719457014
UKD36,2015,60.4807692307692,18.4377880184332,5812.52073732719,5.45576036866359
UKD36,2016,79.2,24.4650129315453,5688.6,4.3250531988557
UKD37,2012,59.5454545454546,22.3850806451613,5274.43253968254,4.90916334661355
UKD37,2013,59.0633333333333,22.5685714285714,5234.43426294821,5.65059760956175
UKD37,2014,59.6666666666667,22.1598326359833,5331.82716049383,4.55390946502058
UKD37,2015,55.0909090909091,19.2775862068966,5304.00431034483,5.02586206896552
UKD37,2016,73.6,16.0139356422081,5745,4.91301958712885
UKD41,2012,60.2,24.7301587301587,5124.8125,4.60923076923077
UKD41,2013,64.3529411764706,23.7790322580645,5206.03174603175,5.0984126984127
UKD41,2014,63.4117647058824,22.706779661017,5430.83606557377,3.73770491803279
UKD41,2015,59.625,19.9796296296296,5596.05555555556,3.99444444444444
UKD41,2016,82.6,20.8301317230466,5709.4,4.70163736961526
UKD42,2012,52.875,31.4368421052632,5377.78947368421,4.40526315789474
UKD42,2013,62.8,32.596875,5772.9375,4.69375
UKD42,2014,51.9,29.8481481481482,5878.40740740741,4.08518518518519
UKD42,2015,61.3,28.1,5447.78947368421,4.33684210526316
UKD42,2016,77.4,21.396132763391,5785.6,4.72081535993048
UKD44,2012,59.4,17.5363636363636,6487.11607142857,4.90089285714286
UKD44,2013,76.375,19.46875,6479.60714285714,5.16517857142857
UKD44,2014,47.0166666666667,18.089,6690.71171171171,4.11711711711712
UKD44,2015,64.2857142857143,15.97,6840.62727272727,4.19636363636364
UKD44,2016,78.6,17.9572846120537,5746.8,5.06626799360909
UKD45,2012,63.6153846153846,16.2459302325581,5046.53591160221,4.67237569060774
UKD45,2013,60.0142857142857,16.9,5125.82777777778,5.05666666666667
UKD45,2014,56.5714285714286,15.7727810650888,5220.91666666667,4.04166666666667
UKD45,2015,59.704347826087,14.0933333333333,5589.39444444444,4.805
UKD45,2016,72,21.3135794589922,5704.4,4.4446891972978
UKD46,2012,49.875,23.1449367088608,5473.07453416149,4.67826086956522
UKD46,2013,59.0588235294118,22.4649681528662,5544.70253164557,4.83670886075949
UKD46,2014,64.2666666666667,21.0751592356688,5720.83544303798,4.10189873417722
UKD46,2015,53.6,19.6151898734177,5875.29746835443,4.27088607594937
UKD46,2016,85.2,14.7202528721145,5648,4.61532261085721
UKD47,2012,67.5833333333333,16.5128205128205,5308.69918699187,4.88943089430894
UKD47,2013,55.0833333333333,17.8612612612613,5381.15702479339,4.99173553719008
UKD47,2014,61.3,16.0955752212389,5713.44166666667,4.1
UKD47,2015,58.2222222222222,13.7883333333333,5903.85,4.8575
UKD47,2016,80.2,15.5532071693977,5775.4,4.68774818600264
UKD61,2012,60.6666666666667,15.2544303797468,4591.69512195122,4.60853658536585
UKD61,2013,52.2142857142857,14.9532467532468,4487.29487179487,5.25897435897436
UKD61,2014,59,13.6546666666667,4819.97368421053,4.05921052631579
UKD61,2015,58.1636363636364,13.5657894736842,5407.63157894737,4.45394736842105
UKD61,2016,81,20.3699900885156,5698.2,4.89095614112459
UKD62,2012,62.3333333333333,12.4253731343284,5747.16197183099,4.85774647887324
UKD62,2013,54.9923076923077,12.1984732824427,5684.69784172662,5.20287769784173
UKD62,2014,52.7692307692308,10.6854700854701,5653.86178861789,4.55040650406504
UKD62,2015,60.7833333333333,9.41785714285714,6347.23214285714,4.25357142857143
UKD62,2016,81.2,18.0251908583241,5722,4.82308650936168
UKD63,2012,63.6315789473684,16.6585714285714,6051.61073825503,4.76979865771812
UKD63,2013,57.8571428571429,16.5551470588235,5988.7724137931,5.06413793103448
UKD63,2014,57.1714285714286,15.1814814814815,5899.65957446809,4.71914893617021
UKD63,2015,57.8529411764706,13.6131386861314,6043.33576642336,4.25766423357664
UKD63,2016,81.6,21.7335427572906,5693.6,4.40194430153671
UKD71,2012,54.9047619047619,32.3720670391061,5784.49723756906,4.54585635359116
UKD71,2013,56.6666666666667,32.1142857142857,5911.98901098901,4.95054945054945
UKD71,2014,57.3846153846154,31.3316091954023,5867.6,4.32114285714286
UKD71,2015,59.296,28.6029411764706,5843.73529411765,4.67294117647059
UKD71,2016,78,18.466179988961,5714.4,4.46559938133717
UKD72,2012,59.9375,32.9224489795918,6704.61224489796,4.75510204081633
UKD72,2013,59.3055555555556,34.3852631578947,6841.29166666667,5.01979166666667
UKD72,2014,48.1375,32.0865979381443,6873.11340206186,4.41649484536083
UKD72,2015,57,29.463829787234,6619.73404255319,4.83617021276596
UKD72,2016,81,13.6675999081878,5731,4.55064272392384
UKD73,2012,60.6521739130435,20.6695652173913,5359.13978494624,4.76129032258065
UKD73,2013,51.35,21.8533333333333,5307.79120879121,5.21758241758242
UKD73,2014,49.3333333333333,20.6956043956044,5552.62637362637,4.38241758241758
UKD73,2015,48.9130434782609,19.1181818181818,5726.20454545455,4.35909090909091
UKD73,2016,77.4,17.0146358445282,5691,4.49845300477821
UKD74,2012,66.7142857142857,27.1389380530973,6128.71681415929,4.96371681415929
UKD74,2013,55.185,27.3254716981132,6217.77777777778,5.09907407407407
UKD74,2014,57.0476190476191,25.7392523364486,6316.7476635514,5.86822429906542
UKD74,2015,53.8772727272727,24.16,6674.66666666667,3.8752380952381
UKD74,2016,80.6,18.0096656643029,5691.4,4.46642178987667
UKE11,2012,50.5,36.3916666666667,5587.21428571429,4.43809523809524
UKE11,2013,46.6666666666667,35.98,6469.8375,4.97625
UKE11,2014,51.8333333333333,32.6326923076923,6830.01923076923,3.82884615384615
UKE11,2015,51.58,29.1641025641026,8404.69230769231,4.61282051282051
UKE11,2016,81.6,22.0645816023093,5720.4,4.70602339396503
UKE12,2012,63.2222222222222,12.4619402985075,5084.51063829787,4.35673758865248
UKE12,2013,59.62,12.6780487804878,4921.70714285714,5.05
UKE12,2014,47.364705882353,12.1094488188976,4990.10218978102,3.77664233576642
UKE12,2015,49.0294117647059,11.2616541353383,5175.42857142857,4.72481203007519
UKE12,2016,80.4,10.7047043181335,5719.6,4.59797684842922
UKE13,2012,58.7619047619048,19.3315789473684,4682.89473684211,4.22982456140351
UKE13,2013,56.555,19.5843373493976,4845.68235294118,4.96235294117647
UKE13,2014,51.2157894736842,18.4688311688312,4841.83333333333,3.73333333333333
UKE13,2015,52.225,16.2913043478261,5154.44927536232,5.08695652173913
UKE13,2016,74.2,23.5868072254263,5694.4,4.35985048668874
UKE21,2012,66.75,14.851724137931,5037.06666666667,4.615
UKE21,2013,67.8461538461538,13.7,4989.64516129032,4.84516129032258
UKE21,2014,58.4615384615385,12.18,5214.6724137931,4.61724137931035
UKE21,2015,66.16,9.40877192982456,4983.50877192983,4.28070175438597
UKE21,2016,76,18.7241352808372,5763.4,4.76002710632971
UKE22,2012,66.625,10.6277955271566,5776.52032520325,4.80325203252033
UKE22,2013,58.1475,10.9415492957746,5467.6408839779,5.11270718232044
UKE22,2014,53.3105263157895,9.32813559322034,5988.11142061281,4.45626740947075
UKE22,2015,52.2775,7.67920227920228,5949.36182336182,4.21396011396011
UKE22,2016,77.4,21.0929726720982,5692.6,4.41905780681417
UKE31,2012,55,23.925,5028.20454545455,4.54675324675325
UKE31,2013,58.1514285714286,24.0407272727273,5141.02166064982,5.00324909747292
UKE31,2014,58.5261904761905,22.7714285714286,5339.52016129032,4.48104838709677
UKE31,2015,61.2153846153846,20.5383561643836,5622.62100456621,5.27214611872146
UKE31,2016,83,20.82515563422,5696.4,4.39383998416665
UKE32,2012,64.9333333333333,15.3141025641026,4556,4.21518987341772
UKE32,2013,54.2142857142857,16.604347826087,4684.62857142857,4.94
UKE32,2014,54.6714285714286,16.0516129032258,4921.16129032258,4.86774193548387
UKE32,2015,58.2733333333333,14.0431034482759,5271.74137931035,4.5051724137931
UKE32,2016,81,20.6239337830664,5788.4,4.69226800576569
UKE41,2012,54.3666666666667,23.6241758241758,5373.52459016393,4.20327868852459
UKE41,2013,57.1413793103448,22.7057471264368,5409.94285714286,5.08571428571429
UKE41,2014,57.5666666666667,22.645625,5403.8036809816,4.12699386503068
UKE41,2015,58.6666666666667,20.1859872611465,5830.58598726115,4.8312101910828
UKE41,2016,78,14.691528905186,5716.8,4.5016010558112
UKE42,2012,54.972972972973,22.1865853658537,4858.5421686747,4.90562248995984
UKE42,2013,57.558064516129,22.4558951965066,4877.61016949153,5.17415254237288
UKE42,2014,55.1290322580645,20.8973568281938,4820.18260869565,4.4104347826087
UKE42,2015,59.1424242424242,18.8203539823009,5055.30088495575,4.9646017699115
UKE42,2016,83,16.6759349963715,5710.4,4.29338369192283
UKE44,2012,61.8,19.9111553784861,5265.25,4.7703125
UKE44,2013,57.1666666666667,21.0306034482759,5266.329218107,4.59094650205761
UKE44,2014,47.7292682926829,20.3267543859649,5401.88461538462,4.51153846153846
UKE44,2015,50.2638888888889,19.1444444444444,5618.49777777778,4.64888888888889
UKE44,2016,78.6,23.4684591005918,5721,4.43229993696472
UKE45,2012,61.8636363636364,19.8177419354839,5093.552,4.9528
UKE45,2013,60.3636363636364,21.5754716981132,5344.97169811321,4.91132075471698
UKE45,2014,53.3333333333333,20.5209302325581,5639.83720930233,4.97325581395349
UKE45,2015,53.3636363636364,19.0565789473684,5792.81578947369,4.15
UKE45,2016,75,17.8519496107005,5699.2,4.57198335564656
UKF11,2012,58.5882352941177,24.8988372093023,7173.90697674419,4.37790697674419
UKF11,2013,56.952380952381,25.0051282051282,8115.52564102564,4.71666666666667
UKF11,2014,57.6285714285714,23.7727272727273,6226.79220779221,4.60519480519481
UKF11,2015,57.15,20.5283783783784,6301.05405405405,5.19459459459459
UKF11,2016,85.6,14.891680941587,5667.6,4.72276265769351
UKF12,2012,58.4166666666667,21.051968503937,4835.24427480916,4.59465648854962
UKF12,2013,67.92,21.8216,4789.1007751938,4.55116279069767
UKF12,2014,58.2727272727273,21.1,5116.67441860465,4.43178294573643
UKF12,2015,66.4545454545455,20.912,5381.44,4.8424
UKF12,2016,79.2,23.8840122904288,5743.8,4.43436531244201
UKF13,2012,58.9583333333333,14.7561475409836,4903.11538461539,4.59423076923077
UKF13,2013,69.7619047619048,15.7896551724138,4934.93846153846,4.90615384615385
UKF13,2014,72.7608695652174,15.9406779661017,5284.85328185328,4.76293436293436
UKF13,2015,67.5791666666667,13.9821428571429,5725.51587301587,4.62222222222222
UKF13,2016,78,15.9113187209054,5781,4.45342468414998
UKF14,2012,54.6363636363636,34.2012820512821,5947.30769230769,4.69230769230769
UKF14,2013,59.28,34.9507936507937,6364.74603174603,4.68571428571429
UKF14,2014,53.4666666666667,34.8576923076923,6844.73076923077,4.92884615384615
UKF14,2015,50.2538461538462,29.9355555555556,6991.42222222222,4.72222222222222
UKF14,2016,73.8,15.4701027787261,5792.2,4.60236136287545
UKF15,2012,58.1818181818182,19.072972972973,5496.8253968254,4.54603174603175
UKF15,2013,53.5555555555556,19.0645962732919,5564.22941176471,5.40176470588235
UKF15,2014,53.3166666666667,18.3205128205128,5794.61963190184,4.57914110429448
UKF15,2015,51.3166666666667,15.3906666666667,5985.36666666667,4.72666666666667
UKF15,2016,84,20.8110455908263,5729.8,4.41848645565431
UKF16,2012,63.1666666666667,14.344,4786.65384615385,4.50692307692308
UKF16,2013,61.6,14.0690265486726,4630.84615384616,5.16239316239316
UKF16,2014,58.0769230769231,13.1936363636364,4751.75221238938,4.61858407079646
UKF16,2015,56.5,11.1432432432432,4926.91891891892,4.2009009009009
UKF16,2016,80.6,18.5570021490098,5739.8,4.68893341322407
UKF21,2012,59.9473684210526,28.1631067961165,5608.36893203884,4.75631067961165
UKF21,2013,56.99,28.2571428571429,5539.90816326531,5.07959183673469
UKF21,2014,47.925,26.3530612244898,5967.88775510204,4.60510204081633
UKF21,2015,54.7333333333333,22.7927083333333,6088.44791666667,4.46979166666667
UKF21,2016,74.8,22.194834062679,5758.6,4.65116317913027
UKF22,2012,68.6666666666667,10.4788104089219,4638.14084507042,4.92288732394366
UKF22,2013,52.9,11.0294797687861,4604.01,4.9235
UKF22,2014,55.9928571428571,10.1719178082192,4793.63372093023,4.83313953488372
UKF22,2015,49.7461538461539,8.51621621621622,5095.10135135135,4.28310810810811
UKF22,2016,74.4,22.6814120576481,5700.6,4.702914431754
UKF24,2012,58.4117647058824,15.3241379310345,4763.82278481013,3.8126582278481
UKF24,2013,53.6842105263158,14.6609090909091,4798.8125,4.94140625
UKF24,2014,55.3222222222222,12.2921568627451,5038.86486486487,3.72612612612613
UKF24,2015,52.1,10.6425742574257,5248.73267326733,4.1950495049505
UKF24,2016,84,24.0526821878759,5740.8,4.68793505814023
UKF25,2012,53.8823529411765,16.2089430894309,4655.3023255814,3.69147286821705
UKF25,2013,50.5,16.2689655172414,4557.94915254237,4.98389830508475
UKF25,2014,49.9090909090909,13.82,4518.42105263158,3.97473684210526
UKF25,2015,56,11.2329411764706,4807.32941176471,3.99411764705882
UKF25,2016,77.2,18.2958340507439,5692.6,4.79644653073485
UKF30,2012,61.9818181818182,14.7221843003413,5303.07894736842,4.44506578947368
UKF30,2013,66.0727272727273,15.50622406639,5745.29921259843,5.43582677165354
UKF30,2014,71.9591836734694,15.1059071729958,5618.83817427386,4.27551867219917
UKF30,2015,63.5146341463415,14.962447257384,5787.22362869198,4.13755274261603
UKF30,2016,80.8,18.7857488960156,5732.4,4.87674073790525
UKG11,2012,59.5333333333333,11.8932432432432,5244.96385542169,4.43132530120482
UKG11,2013,59.8235294117647,12.2926470588235,5444.73684210526,5.16184210526316
UKG11,2014,54.5555555555556,11.3967741935484,5565.54285714286,4.20428571428571
UKG11,2015,57,10.1462686567164,5407.79104477612,4.34925373134328
UKG11,2016,75.8,19.5031495946336,5723.6,4.62405369512224
UKG12,2012,60.6842105263158,14.5132352941176,4872.51162790698,4.35069767441861
UKG12,2013,59.875,14.7015873015873,5054.54679802956,5.12167487684729
UKG12,2014,53.25,13.2644808743169,4866.09844559586,3.94248704663212
UKG12,2015,62.3636363636364,11.7005617977528,5065.23595505618,4.39494382022472
UKG12,2016,81.2,20.0117991882204,5757.8,4.58214435895542
UKG13,2012,69.425,13.8898058252427,4960.23148148148,4.54398148148148
UKG13,2013,71.5111111111111,13.6238341968912,5027.97101449275,5.11256038647343
UKG13,2014,66,12.0279329608939,5044.3085106383,4.36436170212766
UKG13,2015,65.3030303030303,10.342774566474,5259.38150289017,4.15780346820809
UKG13,2016,76.2,23.9140638212171,5748.6,4.73200850685168
UKG21,2012,59.8888888888889,23.97,5170.11290322581,4.12741935483871
UKG21,2013,62.1428571428572,24.35,5251.1935483871,4.48387096774194
UKG21,2014,62.3333333333333,22.5448275862069,5406.15254237288,4.03389830508475
UKG21,2015,34.2,20.5474576271186,5764.30508474576,3.76949152542373
UKG21,2016,84.4,20.9781114389157,5718.6,4.15014149418932
UKG22,2012,62.7037037037037,12.1049645390071,4695.45161290323,4.29548387096774
UKG22,2013,59.7241379310345,12.3906474820144,4739.57142857143,4.28367346938775
UKG22,2014,55.1428571428572,11.7603053435115,4759.48920863309,4.20647482014389
UKG22,2015,52.7931034482759,10.0918518518519,4899.78518518519,3.82
UKG22,2016,80.8,15.6617105395144,5664.4,4.73417199255204
UKG23,2012,54.7857142857143,28.72,4312.4,4.50875
UKG23,2013,61,27.3657894736842,4410.40789473684,5.09605263157895
UKG23,2014,52.48125,27.3127272727273,5000.85454545455,4.29818181818182
UKG23,2015,60.6875,25.14,5076.44,5.12
UKG23,2016,79.6,19.8823801266102,5741.6,4.98930988162754
UKG24,2012,62.0434782608696,15.4465517241379,5403.57681940701,4.77601078167116
UKG24,2013,61.5846153846154,15.9045180722892,5458.22284122563,5.27465181058496
UKG24,2014,54.8625,14.8575384615385,5522.16081871345,4.32368421052632
UKG24,2015,54.6974358974359,12.77,5759.33125,4.2915625
UKG24,2016,70.8,22.2785392625009,5730.4,4.74690629418466
UKG31,2012,62.875,35.4343373493976,5997.71385542169,4.6578313253012
UKG31,2013,60.2861111111111,33.5996551724138,6058.35517241379,4.73931034482759
UKG31,2014,61.0226666666667,32.5423076923077,6333.05769230769,4.53230769230769
UKG31,2015,59.15,30.5296,6651.072,4.9524
UKG31,2016,74,24.8299410403037,5687.6,4.46102639309534
UKG32,2012,70.2142857142857,16.9492537313433,5477.8,5.07
UKG32,2013,50.5916666666667,17.2575757575758,5866.26865671642,5.4134328358209
UKG32,2014,53.0625,17.4475409836066,5888.66153846154,3.99230769230769
UKG32,2015,54.5384615384615,16.5516666666667,5545.8,5.11833333333333
UKG32,2016,83.6,16.7899683552028,5666.6,4.65816236975719
UKG33,2012,65.5294117647059,26.750495049505,5634.95049504951,4.92277227722772
UKG33,2013,45.7,24.8,5648.54,4.641
UKG33,2014,53.2857142857143,23.5846153846154,5789.26086956522,4.28913043478261
UKG33,2015,47.2857142857143,21.16,5943.78888888889,4.77555555555556
UKG33,2016,79.6,20.0094238888471,5767.4,4.55622631716586
UKG36,2012,56,21.026,5338.63,5.026
UKG36,2013,59.36,21.9285714285714,5376.14,5.264
UKG36,2014,52.6846153846154,21.986170212766,5644.16842105263,4.25052631578947
UKG36,2015,47.13,20.38,5903.44444444444,4.5
UKG36,2016,74,20.0804393417472,5733.4,4.73917522724569
UKG37,2012,55.8666666666667,27.2115384615385,5403.40384615385,4.52115384615385
UKG37,2013,57.60625,26.913,5430.06,5.539
UKG37,2014,52.775,24.8372340425532,5465.8085106383,4.56276595744681
UKG37,2015,56.5833333333333,23.4168539325843,5669.32584269663,4.14606741573034
UKG37,2016,67.4,24.4647614345677,5677.6,4.52042181388493
UKG38,2012,59,31.9408602150538,6176.07446808511,4.73085106382979
UKG38,2013,66.48125,30.0964285714286,6340.38095238095,4.95238095238095
UKG38,2014,54.6882352941177,27.7172839506173,6555.66666666667,4.40864197530864
UKG38,2015,47.30625,25.27625,6865.6125,4.44625
UKG38,2016,75.2,18.3599026805219,5758.8,5.16987913541684
UKG39,2012,53.2666666666667,30.3114583333333,6145.07291666667,4.75104166666667
UKG39,2013,61.2666666666667,31.1065217391304,6006.92391304348,5.3054347826087
UKG39,2014,63.9333333333333,30.0915662650602,6349.32530120482,4.75421686746988
UKG39,2015,61.7333333333333,27.8041095890411,6768.8904109589,4.41369863013699
UKG39,2016,79,19.5237957243293,5721.8,4.7382128945345
UKH11,2012,55.5833333333333,22.26875,5206.34375,4.58125
UKH11,2013,62.75,22.7377049180328,5127.14516129032,5.14354838709677
UKH11,2014,70.1230769230769,21.0655172413793,5537.52542372881,3.5135593220339
UKH11,2015,71.6818181818182,18.7962962962963,5756.83333333333,4.35925925925926
UKH11,2016,79.2,12.9699449143434,5744.2,4.86653795023993
UKH12,2012,63.1764705882353,12.8676767676768,4718.65517241379,4.7448275862069
UKH12,2013,69.7189189189189,12.8784210526316,4755.03045685279,5.27309644670051
UKH12,2014,62.5125,12.1241573033708,4960.0972972973,4.07945945945946
UKH12,2015,68.136,10.9824858757062,5138.85875706215,4.89039548022599
UKH12,2016,73.2,17.8557097824774,5723.2,4.64336277608238
UKH14,2012,63.1363636363636,12.7404255319149,4423.63481228669,4.59658703071672
UKH14,2013,63.3739130434783,13.9748120300752,4431.13978494624,5.00465949820789
UKH14,2014,55.0777777777778,13.9744186046512,4787.72388059702,3.8589552238806
UKH14,2015,55.652380952381,12.1933609958506,4841.63900414938,4.08547717842324
UKH14,2016,82,18.4741438477993,5737,4.70985477767239
UKH15,2012,60,19.1436090225564,5200.50746268657,4.63432835820896
UKH15,2013,58.60625,19.5929133858268,4912.00775193799,4.77441860465116
UKH15,2014,63.2307692307692,19.4878260869565,5299.72413793104,4.19137931034483
UKH15,2015,50.375,17.7175925925926,5658.4537037037,4.57407407407407
UKH15,2016,76.4,12.1620720250694,5774.4,4.58848051552103
UKH16,2012,56.7142857142857,16.5368,5250.14285714286,4.22932330827068
UKH16,2013,64.4666666666667,17.4119047619048,5255.7969924812,5.16691729323308
UKH16,2014,50.5923076923077,16.4032520325203,5557.1640625,4.02109375
UKH16,2015,68.6428571428571,15.1849056603774,5981.92452830189,4.39150943396226
UKH16,2016,73.4,17.8826475300289,5742.6,4.68612076260989
UKH17,2012,55.0555555555556,12.5432835820896,4821.65942028986,4.40942028985507
UKH17,2013,63.9411764705882,13.3126984126984,4814.50757575758,4.78409090909091
UKH17,2014,47.5,13.3739837398374,5141.33858267717,4.14645669291339
UKH17,2015,59,12.1478991596639,5512.64705882353,4.86218487394958
UKH17,2016,73.8,21.0234078226424,5730.8,4.76042390512467
UKH21,2012,56.7142857142857,23.6929824561404,5710.59649122807,4.96140350877193
UKH21,2013,69.375,22.6763636363636,5699.2,4.37454545454546
UKH21,2014,64.8,20.4660377358491,5921.07547169811,4.85283018867925
UKH21,2015,59.2307692307692,20.178431372549,6205.94117647059,5.57450980392157
UKH21,2016,74.8,25.3653899887414,5679.8,4.39610385192424
UKH23,2012,66.1285714285714,13.7268018018018,5243.2265795207,4.55119825708061
UKH23,2013,62.3966666666667,13.6055825242718,5210.7656612529,4.90556844547564
UKH23,2014,58.3205882352941,12.669801980198,5289.23990498812,4.77767220902613
UKH23,2015,61.2323529411765,11.1363855421687,5578.59277108434,4.64963855421687
UKH23,2016,76.4,21.4828761319419,5793,4.50004020179905
UKH24,2012,58.8571428571429,15.5316666666667,4910.72307692308,4.96769230769231
UKH24,2013,44.5666666666667,15.9563636363636,4993.18032786885,5.10327868852459
UKH24,2014,76.2857142857143,14.2520833333333,5162.75471698113,4.86792452830189
UKH24,2015,63.7142857142857,11.382,5434.04,4.388
UKH24,2016,77,16.3339960245693,5681.8,4.83802047692143
UKH25,2012,60.75,12.5446601941748,5297.09259259259,5.21388888888889
UKH25,2013,67.5714285714286,12.8488636363636,5336.14893617021,4.78829787234043
UKH25,2014,59,12.3481481481481,4884.77647058824,5.23411764705882
UKH25,2015,65.5,12.0178571428571,5263.90476190476,4.75714285714286
UKH25,2016,71.6,24.7887270559453,5732.6,4.63924505509414
UKH31,2012,66.5714285714286,22.1697674418605,6299.88636363636,4.26363636363636
UKH31,2013,61.4705882352941,21.519512195122,6283.63414634146,5.48536585365854
UKH31,2014,65.25,20.4026315789474,6358.4,4.6725
UKH31,2015,63.3125,17.1153846153846,6826.79487179487,3.82307692307692
UKH31,2016,77.4,18.4895746247631,5703.2,4.7257923020339
UKH32,2012,58.5,18.6023255813954,4926.41860465116,4.94651162790698
UKH32,2013,59.125,16.5666666666667,4725.16666666667,5.36666666666667
UKH32,2014,63.5555555555556,14.0136363636364,5090.45454545455,4.97727272727273
UKH32,2015,55.8,12.2157894736842,5382.36842105263,4.13157894736842
UKH32,2016,81.4,23.5897622732917,5736.4,4.82128488516124
UKH34,2012,61.1333333333333,16.1951807228916,4963.56725146199,4.56491228070176
UKH34,2013,55.5266666666667,16.4082802547771,5110.86875,5.22375
UKH34,2014,60.8588235294118,15.0741258741259,5316.54054054054,4.20878378378378
UKH34,2015,62,13.0848920863309,5204.45323741007,4.21294964028777
UKH34,2016,81,17.7562733865577,5710.6,4.68567388044843
UKH35,2012,70.3333333333333,15.1252525252525,4982.57692307692,4.75288461538462
UKH35,2013,59,14.5968421052632,5049.91089108911,5.21485148514852
UKH35,2014,55.7,13.4,5215.09574468085,4.11702127659575
UKH35,2015,54.6846153846154,10.4817073170732,5464.21951219512,4.28170731707317
UKH35,2016,76,17.9794485553177,5639.2,4.82704506998735
UKH36,2012,67.3125,11.4120879120879,4416.17525773196,4.48350515463918
UKH36,2013,63.2222222222222,11.0325842696629,4153.74444444444,5.21666666666667
UKH36,2014,50.5944444444445,10.4870588235294,4354.04597701149,4.45057471264368
UKH36,2015,53.4666666666667,9.3,4863.25925925926,4.77777777777778
UKH36,2016,82.4,11.3669475971868,5729.8,4.56171714492163
UKH37,2012,59.3571428571429,17.7151515151515,4737.34343434344,4.62626262626263
UKH37,2013,50.7777777777778,17.954347826087,4666.08602150538,5.34623655913979
UKH37,2014,58.3333333333333,17.616091954023,4884.79775280899,4.25393258426966
UKH37,2015,61.3076923076923,17.0307692307692,5036.62820512821,4.20897435897436
UKH37,2016,87.2,16.1396807462769,5772.6,4.60670333596985
UKI31,2012,75.2,36.9981481481481,7927.31481481482,4.6
UKI31,2013,69.2882352941177,36.4925925925926,8099.2037037037,5.02407407407407
UKI31,2014,65.8076923076923,32.6574074074074,8438.09259259259,4.2462962962963
UKI31,2015,61.7307692307692,30.5851851851852,8622.37037037037,4.52407407407407
UKI31,2016,78.6,13.2825381242354,5714.4,4.66796055740392
UKI32,2012,79.125,32.475,5858.57142857143,4.62857142857143
UKI32,2013,70.5,32.992,5982.64,4.86
UKI32,2014,49,26.4181818181818,6104.90909090909,4.06363636363636
UKI32,2015,70,26.0454545454546,6316.36363636364,5.77727272727273
UKI32,2016,74.6,21.8767673753748,5730.8,4.38283073662664
UKI33,2012,60.5,37.06,7450.93333333333,4.93333333333333
UKI33,2013,56.6363636363636,35.8927272727273,7698.23214285714,5.09107142857143
UKI33,2014,68.3615384615385,29.9407407407407,8121.53703703704,4.86666666666667
UKI33,2015,61.45,26.6076923076923,8347.92307692308,4.53653846153846
UKI33,2016,79.2,22.3701487921736,5710.4,4.60019915461033
UKI34,2012,67.2727272727273,30.2742424242424,8586.58208955224,4.51940298507463
UKI34,2013,55.5583333333333,29.7046153846154,8242.04545454546,5.00606060606061
UKI34,2014,66.5833333333333,26.4171875,8421.44615384616,4.31076923076923
UKI34,2015,63.4,23.9786885245902,8774.80327868853,3.85245901639344
UKI34,2016,79.6,14.135918167536,5756,4.67096444570078
UKI41,2012,59.9,33.6279411764706,10000.0588235294,4.77058823529412
UKI41,2013,60.5416666666667,35.1779411764706,9211.84057971014,4.97391304347826
UKI41,2014,67.5833333333333,31.2328571428571,9090.72857142857,4.38857142857143
UKI41,2015,64.5833333333333,22.110447761194,7444.5223880597,4.8955223880597
UKI41,2016,73,22.5453642974631,5673.8,4.43100637445789
UKI42,2012,55,45.7115384615385,7601.30769230769,4.75384615384615
UKI42,2013,65,44.8076923076923,7800.46153846154,4.49615384615385
UKI42,2014,83,41.452,8170.76,4.612
UKI42,2015,83.2,38.4913043478261,8514.39130434783,4.9
UKI42,2016,74.6,21.188309562302,5674.8,4.8331513178077
UKI43,2012,63.5714285714286,36.4914285714286,6859.54285714286,4.64285714285714
UKI43,2013,55.1666666666667,35.8440677966102,7252.73333333333,4.61333333333333
UKI43,2014,55.375,32.475,7775.36666666667,4.69
UKI43,2015,50.1111111111111,28.52,8017.8,4.51333333333333
UKI43,2016,74,16.1894564122437,5734.8,4.51546301613512
UKI44,2012,66.7407407407408,32.7220125786164,8795.61006289308,4.46898734177215
UKI44,2013,64.5592592592593,28.5863636363636,9131.6064516129,4.52129032258065
UKI44,2014,56.24,25.937012987013,9325.72077922078,4.16948051948052
UKI44,2015,57.936,23.459477124183,9818.97385620915,4.3797385620915
UKI44,2016,78.4,23.4485922246666,5762.2,4.56609990816544
UKI45,2012,67.7777777777778,36.9042857142857,7684.2,4.67428571428571
UKI45,2013,65.5,37.1028985507246,8107.15942028986,5.06521739130435
UKI45,2014,59.1111111111111,34.4304347826087,8155.55072463768,4.49275362318841
UKI45,2015,61.6888888888889,30.7101449275362,8359.26086956522,4.55942028985507
UKI45,2016,79.4,19.705670704104,5767.2,4.42586897019117
UKI51,2012,62.3636363636364,23.5115107913669,6819.34532374101,4.48705035971223
UKI51,2013,67.276,23.3440298507463,6502.64925373134,4.65373134328358
UKI51,2014,67.1136363636364,21.2252032520325,7039.14634146342,4.34390243902439
UKI51,2015,61.3857142857143,20.1161016949153,7267.81355932203,4.6906779661017
UKI51,2016,81.2,16.3274800670965,5766.8,4.40529877497335
UKI52,2012,61.5263157894737,23.3869918699187,5156.80487804878,4.79756097560976
UKI52,2013,65.2105263157895,22.5957264957265,5363.58974358974,4.67777777777778
UKI52,2014,54.4733333333333,20.2705357142857,5654.40178571429,4.46607142857143
UKI52,2015,60.6,17.1403846153846,5937.03846153846,4.27403846153846
UKI52,2016,72,21.2225660058149,5734,4.91301594554285
UKI53,2012,65.5333333333333,23.8881355932203,6438.68644067797,4.29661016949153
UKI53,2013,63.7884615384616,22.8693693693694,6204.79279279279,5.07207207207207
UKI53,2014,59,20.2884615384615,6411.55769230769,4.54807692307692
UKI53,2015,61.7931034482759,17.3745098039216,6426.47058823529,4.57745098039216
UKI53,2016,76,22.0601740141407,5703.4,4.72795732350619
UKI54,2012,60.5294117647059,26.4029411764706,6734.94117647059,4.61323529411765
UKI54,2013,58.78,26.9411764705882,6667.58823529412,4.62205882352941
UKI54,2014,62.6,21.7720588235294,6951.69117647059,4.44411764705882
UKI54,2015,64.9285714285714,20.6565217391304,7070.52173913044,4.1231884057971
UKI54,2016,72,11.2721040197197,5731,4.39409243730232
UKI61,2012,70.7142857142857,18.944776119403,5342.17647058824,4.32941176470588
UKI61,2013,73.8318181818182,18.9571428571429,5382.375,4.978125
UKI61,2014,68.4090909090909,16.8137254901961,5979.76470588235,4.38235294117647
UKI61,2015,65.0454545454546,15.8540540540541,6981.13513513514,4.03783783783784
UKI61,2016,83.2,17.0647684968482,5777.4,4.70094934176534
UKI62,2012,62.9230769230769,24.4947368421053,5677.36842105263,4.6821052631579
UKI62,2013,58,25.8845238095238,5781.45238095238,4.65238095238095
UKI62,2014,62.8153846153846,22.7466666666667,6228.30666666667,3.98
UKI62,2015,68.8333333333333,20.9569230769231,6744.32307692308,4.54769230769231
UKI62,2016,74.8,20.1085980217179,5739.2,4.8875421019241
UKI63,2012,71.9259259259259,16.5388059701493,5923.17910447761,4.61119402985075
UKI63,2013,69.6333333333334,16.1931297709924,5808.19083969466,4.86717557251908
UKI63,2014,67.0633333333333,15.2484375,5899.6875,4.5203125
UKI63,2015,65.8413793103448,14.1645161290323,6135.13709677419,4.8991935483871
UKI63,2016,77.2,19.932611556865,5753.2,4.60584137613036
UKI71,2012,69.8181818181818,20.8178571428571,5765.05952380952,4.46904761904762
UKI71,2013,70.8904761904762,19.4555555555556,5866.88888888889,4.8283950617284
UKI71,2014,59.3789473684211,16.8705128205128,6102.19230769231,4.88205128205128
UKI71,2015,61.9,15.6078947368421,6173.07894736842,4.88815789473684
UKI71,2016,82.4,19.3960814705428,5718.8,4.58810238715236
UKI72,2012,69.25,27.9821917808219,7043.7397260274,4.62876712328767
UKI72,2013,62.0533333333333,27.3194029850746,6842.76119402985,5.0089552238806
UKI72,2014,61.3533333333333,21.069696969697,6799.34848484849,4.37878787878788
UKI72,2015,60.4666666666667,17.1338709677419,6449.70967741936,4.65645161290323
UKI72,2016,79,13.8807922480174,5670,4.32610936014633
UKI73,2012,62.75,25.9307692307692,7154.5,4.59807692307692
UKI73,2013,66.875,24.2509803921569,6719.54901960784,4.78039215686275
UKI73,2014,61.5,23.1823529411765,6945.01960784314,4.49607843137255
UKI73,2015,60.5,19.5865384615385,7496.25,4.29038461538462
UKI73,2016,82.4,19.4883871765898,5728.4,5.01260495519569
UKI74,2012,67.1428571428571,18.5443548387097,6194.33333333333,4.51904761904762
UKI74,2013,59.5103448275862,18.0630630630631,5784.40350877193,4.99298245614035
UKI74,2014,65.44,15.5660377358491,5838.51886792453,4.02169811320755
UKI74,2015,62.1166666666667,13.418,6061.31,4.688
UKI74,2016,79.8,14.8070235910904,5709.6,4.56408049153333
UKI75,2012,69.32,18.2038834951456,5902.30097087379,4.75631067961165
UKI75,2013,69.6541666666667,17.5244897959184,5795.44897959184,4.74285714285714
UKI75,2014,60.475,15.7978260869565,6091.96739130435,4.58804347826087
UKI75,2015,57.1545454545455,14.3333333333333,6287.16666666667,4.32
UKI75,2016,74.8,12.3263278826689,5772.6,4.54040218999596
UKJ11,2012,67.9,12.5160142348754,5187.20408163265,4.70102040816327
UKJ11,2013,63.240350877193,11.7929104477612,5390.94584837545,5.04440433212996
UKJ11,2014,53.1719298245614,10.5359375,5132.46992481203,4.70225563909775
UKJ11,2015,56.2169811320755,9.521484375,5174.32421875,4.9015625
UKJ11,2016,76,21.4679229588323,5669,4.77747147471521
UKJ12,2012,57.25,18.5673684210526,6327.0206185567,4.70824742268041
UKJ12,2013,67.1818181818182,18.0766233766234,5871.8023255814,5.21395348837209
UKJ12,2014,66.2333333333333,15.5560975609756,6125.09302325581,4.16279069767442
UKJ12,2015,66.1,13.5059523809524,6684.94047619048,4.62738095238095
UKJ12,2016,79,16.875429128475,5731.8,4.86122369212558
UKJ13,2012,74.2258064516129,9.37555555555556,5323.90547263682,4.96119402985075
UKJ13,2013,57.1448275862069,10.2848101265823,5486.49222797928,5.25854922279793
UKJ13,2014,54.759375,9.1252808988764,5593.60416666667,4.546875
UKJ13,2015,55.7823529411765,8.08983957219251,5711.35294117647,5.31550802139037
UKJ13,2016,76.8,19.5272289220353,5693.2,4.80173415445386
UKJ14,2012,66.6410256410256,11.4219512195122,4899.78076923077,4.78192307692308
UKJ14,2013,58.448275862069,11.3630841121495,4740.6,4.63583333333333
UKJ14,2014,53.7914285714286,10.2253968253968,4918.96698113208,3.96792452830189
UKJ14,2015,52.7193548387097,8.61065989847716,5137.29949238579,4.41167512690355
UKJ14,2016,69.8,16.4481911445901,5733.2,4.88443796103953
UKJ21,2012,63.3333333333333,20.6859375,6430.59375,4.8046875
UKJ21,2013,59.3642857142857,20.2265625,5838.5625,5.1703125
UKJ21,2014,54.8444444444445,19.3484375,6259.671875,4.0765625
UKJ21,2015,54.6428571428572,18.296875,6446.84375,3.91875
UKJ21,2016,71.6,18.744954135692,5712.8,4.22484292739363
UKJ22,2012,58.6571428571429,16.390395480226,5787.07065217391,4.6554347826087
UKJ22,2013,63.0322580645161,15.7054545454545,5842.83625730994,5.34970760233918
UKJ22,2014,61.4878787878788,14.4820512820513,6306.81818181818,4.27515151515152
UKJ22,2015,56.0916666666667,11.6296052631579,5968.79605263158,3.93157894736842
UKJ22,2016,78.8,21.3813377774998,5718.6,4.80951645175413
UKJ25,2012,70.7045454545455,10.9426666666667,5182.05579399142,4.61673819742489
UKJ25,2013,55.0909090909091,10.51,5066.45575221239,4.88407079646018
UKJ25,2014,54.6171428571429,9.77564766839378,5215.52216748769,4.90394088669951
UKJ25,2015,58.4888888888889,8.73544973544974,5375.68783068783,5.1010582010582
UKJ25,2016,79.2,15.8652013811458,5708.8,4.81763838371143
UKJ26,2012,75.1153846153846,10.5241379310345,5865.99173553719,4.49834710743802
UKJ26,2013,56.704347826087,10.3669491525424,5964.06722689076,4.69411764705882
UKJ26,2014,52.4,10.0418181818182,6010.70689655172,5.24224137931035
UKJ26,2015,58.7954545454546,8.91071428571429,6233.33928571429,4.80892857142857
UKJ26,2016,68.2,19.7678029127257,5741.6,4.6493846768032
UKJ27,2012,58.875,11.7515384615385,5010.86666666667,5.24148148148148
UKJ27,2013,56.6923076923077,11.5016,4996.12213740458,5.00381679389313
UKJ27,2014,62.8928571428572,11.542735042735,5118.86991869919,3.53089430894309
UKJ27,2015,61.8555555555556,11.4452991452991,5297.91452991453,4.43931623931624
UKJ27,2016,79,23.016446460054,5692.2,4.45134055908282
UKJ28,2012,70.5833333333333,9.4536,4687.80769230769,4.68307692307692
UKJ28,2013,56.6875,8.70934579439252,4458.93333333333,5.02833333333333
UKJ28,2014,55.8,8.26545454545455,4592.18644067797,3.36694915254237
UKJ28,2015,58.3125,7.67652173913043,4755.73913043478,4.8704347826087
UKJ28,2016,75,23.0149656975284,5712.8,4.53410896404301
UKJ31,2012,57.9333333333333,26.0412698412698,5626.078125,4.05
UKJ31,2013,64.0588235294118,25.2983870967742,5652.68253968254,5.22063492063492
UKJ31,2014,60.4666666666667,19.75,5695.98148148148,5.11851851851852
UKJ31,2015,59.625,19.3795454545455,6136.59090909091,4.91136363636364
UKJ31,2016,73.6,23.1193324505295,5741.8,4.86237192759344
UKJ32,2012,60.1333333333333,26.1666666666667,5939.54166666667,4.12777777777778
UKJ32,2013,63,26.3171875,6108.78125,4.8046875
UKJ32,2014,59.2941176470588,25.0056603773585,6640.56603773585,4.79622641509434
UKJ32,2015,67.75,23.714,6724.16,3.82
UKJ32,2016,78.6,22.0085403363762,5710.8,4.25406596412537
UKJ34,2012,54.1666666666667,18.2046511627907,4943.72727272727,5.04772727272727
UKJ34,2013,74,18.3777777777778,5275.21739130435,5.56739130434783
UKJ34,2014,60.1666666666667,17.2613636363636,5311.63636363636,3.54772727272727
UKJ34,2015,69,15.3309523809524,5770.19047619048,4.3
UKJ34,2016,77.6,22.9173300098379,5757.6,4.21591234409897
UKJ35,2012,60.6315789473684,16.9273333333333,5339.00666666667,4.70266666666667
UKJ35,2013,60.75,17.1448275862069,5442.16551724138,5.14689655172414
UKJ35,2014,53.552380952381,15.4077464788732,5586.01408450704,4.25845070422535
UKJ35,2015,57.2222222222222,14.3872340425532,5623.34042553191,4.05815602836879
UKJ35,2016,73.6,20.1492132864672,5741.4,5.20011821637135
UKJ36,2012,59.3846153846154,10.9737113402062,4881.64734299517,4.93188405797102
UKJ36,2013,57.3125,10.978835978836,4848.4433497537,4.73546798029557
UKJ36,2014,61.3375,10.6648648648649,5001.18905472637,4.03134328358209
UKJ36,2015,62.28125,9.03731343283582,5190.96517412935,4.10497512437811
UKJ36,2016,81.4,26.2695948188836,5739,4.62051088463571
UKJ37,2012,62.6875,11.4852941176471,4709.72142857143,4.48071428571429
UKJ37,2013,50.6842105263158,11.3759398496241,4816.48905109489,4.95547445255475
UKJ37,2014,55.875,10.2283582089552,4995.40145985402,4.33649635036496
UKJ37,2015,57.8125,9.40955882352941,4960.73529411765,4.05220588235294
UKJ37,2016,82,15.3829882437236,5727.4,4.80383641181127
UKJ41,2012,63.55,20.6204545454545,4964.23863636364,4.76931818181818
UKJ41,2013,67.5,19.6986842105263,5085.82894736842,4.85394736842105
UKJ41,2014,53.1304347826087,17.1630769230769,5191.47692307692,4.65538461538462
UKJ41,2015,57.1818181818182,15.7803571428571,5552.05357142857,4.74107142857143
UKJ41,2016,92.6,26.2356479227018,5724.2,4.42397450220824
UKJ43,2012,61.7619047619048,18.493137254902,4676.89215686275,4.70882352941177
UKJ43,2013,58.2727272727273,20.019587628866,4821.0612244898,5.00816326530612
UKJ43,2014,58.4117647058824,17.0218390804598,5054.18181818182,4.54431818181818
UKJ43,2015,59.6111111111111,15.5986842105263,5348.02631578947,4.47763157894737
UKJ43,2016,84.6,22.9820283700763,5731.6,4.6215575454389
UKJ44,2012,58.7096774193548,19.3065868263473,6197.53571428571,4.39047619047619
UKJ44,2013,65.34,18.1671232876712,6619.85034013605,4.88571428571429
UKJ44,2014,61.0909090909091,17.0411764705882,6906.46428571429,4.90571428571429
UKJ44,2015,58.8515151515152,15.5635658914729,7527.69767441861,4.30232558139535
UKJ44,2016,80.4,20.860083565423,5754.2,4.6876746692756
UKJ45,2012,66.8421052631579,15.2548387096774,4744.32978723404,4.65425531914894
UKJ45,2013,60.6315789473684,15.1255813953488,4888.68181818182,5.025
UKJ45,2014,64.175,13.5469879518072,5145.46511627907,4.53837209302326
UKJ45,2015,55.764705882353,12.2666666666667,5407.33333333333,4.09102564102564
UKJ45,2016,73.4,22.515881810789,5754.4,4.85948750008468
UKJ46,2012,69.2857142857143,11.7439393939394,5440.59848484849,4.54318181818182
UKJ46,2013,64.02,11.7138211382114,5760.7265625,4.70625
UKJ46,2014,57.8633333333333,10.155652173913,5984.76229508197,4.39672131147541
UKJ46,2015,62.6451612903226,9.79406779661017,6398.29661016949,4.77966101694915
UKJ46,2016,81.6,18.5730184322598,5729.6,4.57232323874262
UKK11,2012,57.0833333333333,28.0105263157895,6029.56140350877,4.38684210526316
UKK11,2013,64.172,26.8955056179775,6270.28089887641,5.14606741573034
UKK11,2014,54.1958333333333,24.7156626506024,7062.20481927711,4.17831325301205
UKK11,2015,52.552380952381,22.113698630137,7831.57534246575,6.15068493150685
UKK11,2016,77.4,15.5366953554394,5740.4,4.29741297655146
UKK12,2012,60.5,12.1034782608696,4676.58577405858,4.45732217573222
UKK12,2013,56.9609756097561,12.8967741935484,5037.30303030303,5.12467532467533
UKK12,2014,57.3264705882353,12.0967741935484,4875.64732142857,4.59821428571429
UKK12,2015,57.4447368421053,11.1425925925926,4957.94907407407,3.99027777777778
UKK12,2016,75.6,16.118682205212,5737.2,4.62047845898415
UKK13,2012,66.8648648648649,13.7704641350211,5147.26209677419,4.60887096774194
UKK13,2013,56.5555555555556,13.4658415841584,5105.61802575107,5.35708154506438
UKK13,2014,54.3536585365854,12.1417061611374,5302.15486725664,3.86017699115044
UKK13,2015,53.1658536585366,11.6121621621622,5427.47297297297,4.48153153153153
UKK13,2016,76.8,13.9762401090329,5668.8,4.72252378712042
UKK14,2012,53.8,17.3280701754386,6348.52631578947,4.55964912280702
UKK14,2013,63.75,15.8127659574468,5964.02083333333,4.86041666666667
UKK14,2014,15,14.92,6446.9512195122,3.70731707317073
UKK14,2015,72.4,14.3125,6698.3,5.0275
UKK14,2016,73.2,18.5647668758155,5697.2,5.11660626014649
UKK15,2012,66.6451612903226,11.2255208333333,5011.04694835681,4.80234741784038
UKK15,2013,60.3913043478261,11.8587209302326,5101.52736318408,5.07462686567164
UKK15,2014,56.4848484848485,10.3,5165.84816753927,3.65968586387435
UKK15,2015,56.1875,9.2463687150838,5333.1843575419,4.15195530726257
UKK15,2016,78,18.0167274817687,5720.8,4.8122502749819
UKK21,2012,64.5384615384615,17.6287878787879,5255.32835820896,4.4134328358209
UKK21,2013,55.3461538461539,16.6122807017544,4922.57627118644,4.80508474576271
UKK21,2014,57.58,15.0117647058824,4705.05882352941,3.63333333333333
UKK21,2015,52.5642857142857,15.3727272727273,4962.43181818182,4.68409090909091
UKK21,2016,89.2,15.0843760822983,5750.4,4.36664890911889
UKK22,2012,60.5555555555556,12.4106918238994,4982.47058823529,5.05588235294118
UKK22,2013,54.4727272727273,12.1304054054054,4701.54430379747,5.01012658227848
UKK22,2014,46.0526315789474,11.7577464788732,4837.1052631579,3.7375
UKK22,2015,58.8888888888889,11.7701492537313,5006.82835820896,4.77388059701493
UKK22,2016,78.6,24.225128172547,5786,4.44570892525221
UKK23,2012,60.1612903225807,13.8083720930233,5199.03056768559,4.43913043478261
UKK23,2013,61.7777777777778,13.3091836734694,5249.73755656109,4.86696832579186
UKK23,2014,56.0608695652174,12.0527173913043,5302.97512437811,5.22388059701493
UKK23,2015,61.156,11.32,5631.84210526316,4.59368421052632
UKK23,2016,78.2,14.8075546146532,5749.8,4.50988485062183
UKK30,2012,61.5555555555556,15.0931506849315,4883.16521739131,3.99173913043478
UKK30,2013,67.0375,15.0816901408451,4881.57466063348,5.12760180995475
UKK30,2014,56.64,14.1883597883598,4952.26804123711,4.73505154639175
UKK30,2015,63.4458333333333,12.4335294117647,5280.39411764706,5.35058823529412
UKK30,2016,79.6,17.0138318252044,5719.6,4.25133564035936
UKK41,2012,59.5384615384615,24.8355263157895,5614.32894736842,4.53947368421053
UKK41,2013,63.4416666666667,25.9958904109589,5756.41095890411,5.03698630136986
UKK41,2014,54.5636363636364,24.6928571428571,6140.97142857143,3.88142857142857
UKK41,2015,56.75,22.8786885245902,6581.34426229508,4.78032786885246
UKK41,2016,80.2,20.2693960784228,5750.4,4.60622779910404
UKK42,2012,67.9,24.428125,5408.59375,3.8
UKK42,2013,67.3076923076923,22.2884615384615,5581.61538461539,4.66538461538462
UKK42,2014,60.575,18.1619047619048,5843.57142857143,4.18095238095238
UKK42,2015,60.3333333333333,19.4,6011.125,4.54375
UKK42,2016,80,21.3750667216301,5729.6,4.68639352009118
UKK43,2012,62.9714285714286,13.5210144927536,5104.17491749175,4.2947194719472
UKK43,2013,58.716,14.1670542635659,5258.79858657244,4.813074204947
UKK43,2014,56.448275862069,13.277868852459,5489.63878326996,4.24030418250951
UKK43,2015,53.2193548387097,13.4676348547718,5972.41908713693,4.75394190871369
UKK43,2016,75,13.7784504996492,5739.4,4.90537201110014
UKL11,2012,58.8,21.3261667283636,5731,4.5910116029948
UKL11,2013,54.2,20.092110719909,5755.4,4.41495105322113
UKL11,2014,53.8,16.8513302486696,5690.2,4.55021358070033
UKL11,2015,56.9,15.7373057523753,5772.6,4.62150232614091
UKL11,2016,58.8,15.822142067736,5739.4,4.58504228950398
UKL12,2012,65.9,23.6887710542334,5772.8,4.47293188593867
UKL12,2013,58,19.1501633574941,5690,4.49463765106859
UKL12,2014,61.1,17.2810625017806,5665,4.94566835854504
UKL12,2015,63.3,23.6934448898002,5750.8,4.65521078706793
UKL12,2016,65.9,21.6879434272492,5701.2,4.48523973045373
UKL13,2012,57.3,22.4926147452063,5751.6,4.60355116896586
UKL13,2013,54.7,16.9152291032601,5774.8,4.56030328390326
UKL13,2014,55.55,14.198634716545,5692.2,4.46544639292493
UKL13,2015,55.15,16.6710137067681,5726.6,4.74769641177262
UKL13,2016,57.3,15.3902094901483,5793.4,4.17003444347153
UKL14,2012,64.9,17.7057814121448,5693.6,4.32426034168402
UKL14,2013,55.9333333333333,20.7914863672316,5738.4,4.93731125336235
UKL14,2014,57.7666666666667,17.324544012224,5778.4,4.50833553830625
UKL14,2015,59.3333333333333,19.6425526677534,5700.2,4.66019460972162
UKL14,2016,64.9,16.2586813705144,5659.2,4.69520548807832
UKL15,2012,55.25,19.4084670167712,5703,4.68049261210517
UKL15,2013,42.5,16.2756514001154,5783,4.76490928330567
UKL15,2014,49.7,17.2682409574123,5722.6,4.42577121261035
UKL15,2015,53.25,22.6558268087988,5741.8,4.68316365029314
UKL15,2016,55.25,23.134170426405,5767,4.55511581248269
UKL16,2012,51.5666666666667,19.6763638698942,5725.8,4.43739722103211
UKL16,2013,45.1666666666667,25.2818494268131,5785.8,4.39273990030005
UKL16,2014,48.4,25.1919238343414,5761.2,4.61030731840075
UKL16,2015,52.3333333333333,14.5326024785195,5723.8,4.57841585638738
UKL16,2016,51.5666666666667,21.3707909429136,5729,4.62606969985559
UKL17,2012,61.3,17.5753141165473,5738.8,4.53736717932701
UKL17,2013,54.15,23.2659783948957,5702.6,4.96634395084052
UKL17,2014,55.3,24.5650624953226,5732.2,4.73549535423894
UKL17,2015,59.05,15.4011631839495,5749.6,4.5463370472183
UKL17,2016,61.3,16.8362350065401,5742.4,4.54546615831291
UKL18,2012,64.7,18.9670615793049,5732.4,4.68682696272841
UKL18,2013,55.3,19.1043771541262,5738.4,4.55713866953671
UKL18,2014,59.1,21.7549548484164,5700.2,4.73662885987977
UKL18,2015,64,21.7481136462777,5756.4,4.47945727396264
UKL18,2016,64.7,15.4917231239192,5710.2,4.68406478638688
UKL21,2012,62.15,26.4657605546622,5745.6,4.78261783714886
UKL21,2013,54.3,20.8604748358577,5766.8,4.58373195739695
UKL21,2014,59.2,22.13303579999,5805.8,4.71151153355246
UKL21,2015,60.55,15.0121596803275,5777.4,4.58717664632625
UKL21,2016,62.15,13.2820429742944,5707.2,4.48811606927076
UKL22,2012,64.8,20.4829139111498,5687.4,4.67938585499885
UKL22,2013,52.65,17.3194645317615,5738.6,4.88206265566208
UKL22,2014,58.1,18.9375855224446,5748.8,4.22411653063475
UKL22,2015,62.1,20.0203897123477,5773,4.74782781690423
UKL22,2016,64.8,17.572322148399,5812.6,4.64566462074076
UKL23,2012,58.4,24.3799537127889,5699.6,4.36527511722374
UKL23,2013,55.3,21.1527826691778,5756.2,4.73682345294565
UKL23,2014,56.45,25.6280890732101,5722,4.74847569138399
UKL23,2015,56.35,19.6684694937837,5717.8,4.6794937369173
UKL23,2016,58.4,17.790505376147,5793.8,4.26429493522833
UKL24,2012,65.3,16.5131023872737,5691.2,4.45871696531646
UKL24,2013,58.1,15.2016307859295,5699.8,4.69748621481869
UKL24,2014,59.6,23.4530075996863,5636.6,4.52242600088182
UKL24,2015,63.9,21.17458775443,5679,4.67671628317471
UKL24,2016,65.3,22.3098328550085,5657,4.65851111394384
UKM50,2012,78,17.8388173798751,5725.6,4.77114771957436
UKM50,2013,77,19.3451975522927,5723.4,4.4527907760876
UKM50,2014,96.5,21.2976675050088,5745,4.74929116601309
UKM50,2015,96,20.2399631798459,5743.6,4.91701101782295
UKM50,2016,99.5,13.9882980079786,5713.4,4.60456046914674
UKM61,2012,80,16.7736137209382,5726.2,4.39651700219591
UKM61,2013,84,22.1389641403497,5743.8,4.34364687194021
UKM61,2014,97,27.1276571660773,5661.8,4.53188530642899
UKM61,2015,99,22.4335688017407,5722.2,4.53133782094506
UKM61,2016,100,19.5550250910595,5740.4,4.81340625487361
UKM62,2012,91,23.1928754330212,5748.4,4.58544702057455
UKM62,2013,96,27.4362067823648,5732.2,4.51612271911582
UKM62,2014,100,19.9055880440492,5715.8,4.60911375833305
UKM62,2015,100,21.120394705675,5776.2,4.73569598882625
UKM62,2016,100,13.143150221277,5723.4,4.74628006348359
UKM63,2012,81.75,17.3844478260391,5718.2,4.39936944875276
UKM63,2013,85.75,16.9571425723333,5740.8,4.80621405279884
UKM63,2014,97.5833333333333,19.9059208443873,5690.2,4.57209791344401
UKM63,2015,99.5833333333333,25.4691614347313,5726.4,4.70320399865732
UKM63,2016,96.5,16.9223736187129,5696,4.5872680087747
UKM64,2012,78,23.2432833083421,5698,4.69108585032395
UKM64,2013,89,19.4815518736648,5724,4.90057562083895
UKM64,2014,100,22.3210722324695,5702.2,4.50383946019535
UKM64,2015,100,16.0845706692549,5692.2,4.64384169576322
UKM64,2016,100,15.4695337560685,5729,4.45176972170906
UKM65,2012,85,19.1484534625129,5752.4,4.56227787958966
UKM65,2013,100,14.3967150086276,5724.4,4.43444267739859
UKM65,2014,100,12.6469165725159,5759.6,4.65353981067421
UKM65,2015,100,17.9230011175393,5710.2,4.55601195796269
UKM65,2016,100,17.3111347460633,5723.2,4.72044550535561
UKM66,2012,61,20.2137367477745,5703.2,4.71635560438501
UKM66,2013,84,24.2282667456556,5694.2,4.90153978471204
UKM66,2014,94,19.8293966177735,5737,4.54463677214649
UKM66,2015,97,18.6894453052459,5710.4,4.67668222510384
UKM66,2016,97,20.7325365648774,5708.8,4.66984504354064
UKM71,2012,74,19.0048227620211,5712.2,4.45801070712449
UKM71,2013,100,23.1564867791183,5760,4.81070919391385
UKM71,2014,97,24.7079455984479,5724.2,4.65405009353941
UKM71,2015,99,18.026744926385,5668,4.694148086453
UKM71,2016,99,21.8374561484411,5742,4.50285173977626
UKM72,2012,92.5,18.0233259249659,5725.8,4.6868365955433
UKM72,2013,94.5,20.7401171680052,5767.8,4.43761663942215
UKM72,2014,100,15.4584557792026,5752.8,4.93783737388316
UKM72,2015,100,18.8930290133367,5755.2,4.45486670866521
UKM72,2016,100,20.295290351269,5707.6,4.77606578516577
UKM73,2012,81.5,17.9189200365582,5790,4.85952240875536
UKM73,2013,80,18.3239444668559,5743.8,4.94016362769042
UKM73,2014,100,21.0359701795898,5750.6,4.75418951895797
UKM73,2015,100,19.2471558758075,5688.4,4.95622894881268
UKM73,2016,100,25.3932953993637,5786.4,4.35318143757343
UKM75,2012,79,22.8750668629919,5731.2,4.4534297745132
UKM75,2013,89,19.6207410041526,5758.6,4.561194093218
UKM75,2014,93,17.7545642741724,5765,4.80419366065716
UKM75,2015,95,16.9408043220954,5761.4,4.44738761440551
UKM75,2016,92,14.8068461135643,5659.2,4.79762768557611
UKM76,2012,55,17.5972575011343,5796.2,4.88066435635091
UKM76,2013,62,17.9709029959454,5731.8,4.37987770870531
UKM76,2014,100,29.4419695747511,5786.8,4.51931911135822
UKM76,2015,100,18.9105585297115,5729.2,4.71138612459683
UKM76,2016,100,16.5390734692067,5742.8,4.53169341765388
UKM77,2012,83.5,22.3234577552179,5694.4,4.64450664806597
UKM77,2013,87.5,13.86496247246,5751,4.71754571805809
UKM77,2014,98.5,17.3714772067617,5723.6,4.75112352730214
UKM77,2015,99.5,15.3200313342584,5741.8,4.86677895786269
UKM77,2016,97.5,15.9668758342624,5735.6,4.71104942288948
UKM78,2012,75,20.1632075167985,5774,4.63846921849778
UKM78,2013,85,15.3085610890059,5705.8,4.35822712493238
UKM78,2014,86,20.3212697027251,5749.6,4.5591416106599
UKM78,2015,100,13.1320245021268,5710,4.84228994759883
UKM78,2016,100,18.2428528037979,5671.4,4.49887743805716
UKM81,2012,86.5,20.0365361543635,5769,4.62117824748796
UKM81,2013,97.5,16.3954445886657,5763.2,4.75671628043696
UKM81,2014,100,16.0869379433814,5730,4.87471653235079
UKM81,2015,100,17.7381101776163,5704.8,4.50968971145187
UKM81,2016,100,20.3189311132255,5747.2,4.70172729888592
UKM82,2012,99,25.2702835242424,5736.8,4.46660603916001
UKM82,2013,96,24.7767148107854,5694,4.66221351226558
UKM82,2014,97,21.3964434497573,5759.2,4.70789753054012
UKM82,2015,99,21.3284225650558,5701.6,4.53302080013102
UKM82,2016,99,23.7963021854113,5788,4.45487302945902
UKM83,2012,87.6666666666667,16.5524181335421,5749,4.51812198199442
UKM83,2013,91,24.7211541373023,5688.8,4.49036513977131
UKM83,2014,93.3333333333333,21.0301347655462,5729.8,4.82781068352932
UKM83,2015,93.3333333333333,24.126209278874,5763.4,4.39754168869073
UKM83,2016,100,20.7670196197323,5737.8,4.71925771519891
UKM84,2012,91,19.1541637695546,5714.2,4.74319475911879
UKM84,2013,95,13.7166128889278,5770.4,4.69325966739911
UKM84,2014,99,22.34099075616,5739,4.90246586632809
UKM84,2015,99,22.9988288701999,5798,4.56550313623967
UKM84,2016,100,21.0891370404307,5706.8,4.57779034395986
UKM91,2012,89,18.2782346484312,5770.8,4.77341566788357
UKM91,2013,79,15.8825533456576,5694.2,4.61277964430783
UKM91,2014,78,16.2844221449617,5803.6,4.81592743894749
UKM91,2015,95,14.3805924723561,5704,4.44720364501312
UKM91,2016,100,19.5440170124335,5772.6,4.731257203284
UKM92,2012,79,16.2438829767901,5751,4.42690188657801
UKM92,2013,82,20.7557396306021,5679.8,4.73442769960023
UKM92,2014,96,24.4601223079231,5730.4,4.86338124573855
UKM92,2015,100,19.6271746841077,5786.4,4.75921732480396
UKM92,2016,100,20.2527962101787,5798.4,4.6886000106815
UKM93,2012,95.5,19.5682562747379,5744.6,4.85095209711493
UKM93,2013,96,21.4011267422435,5708.2,4.61157587405162
UKM93,2014,95.5,15.7659153592707,5704,4.48725491664745
UKM93,2015,99,21.7396400762427,5772.2,4.33243753372358
UKM93,2016,98,23.1119429291512,5742.2,4.53132781676345
UKM94,2012,100,16.7985399137613,5724.6,4.34273599121207
UKM94,2013,98,13.9575657918247,5712.4,4.44754509530446
UKM94,2014,100,22.0651837532552,5691.6,4.72224446275309
UKM94,2015,100,18.6804489821986,5713.2,4.28850303846925
UKM94,2016,100,19.3412536833619,5755,4.52351585923396
UKM95,2012,78,24.7454529484638,5677.4,4.53786969598952
UKM95,2013,81,19.3925633918243,5703.6,4.5704303205231
UKM95,2014,97,18.9674561905095,5749.6,4.55488454263578
UKM95,2015,100,17.7767994462795,5706.8,4.56055780735524
UKM95,2016,100,20.0642538598361,5716.4,5.09218177524609
UKN06,2012,73.2,19.5781391653806,5790.2,4.90693056619667
UKN06,2013,76.6,19.9863994604709,5688.4,4.82502467769463
UKN06,2014,86.6,18.5961609266986,5683.4,4.41096181827034
UKN06,2015,76.8,24.5514294944299,5719.4,4.71334838132439
UKN06,2016,82.8,25.1342678320571,5719.2,5.02872145135252
UKN07,2012,79.8,16.7136378402151,5756.8,4.77022464264859
UKN07,2013,77.6,22.425300430164,5739.2,4.37878669032666
UKN07,2014,82,18.4242569128851,5734,4.54608673429512
UKN07,2015,79.4,19.7236399599113,5729.8,4.19917301965854
UKN07,2016,83.4,22.2941391853813,5711.4,4.5062818581804
UKN08,2012,79.6,19.9636808217681,5645.2,4.31894441881062
UKN08,2013,79.2,17.14725487421,5705.6,4.74603153846597
UKN08,2014,82.6,12.0309367840253,5758.4,4.7860078762784
UKN08,2015,73.8,16.8410703974721,5726.2,4.46222089967597
UKN08,2016,74.8,23.6383758847593,5816.2,4.54057583560479
UKN09,2012,79.4,16.1780335861581,5744,4.52169354325221
UKN09,2013,76.6,19.8842613172355,5713.4,4.80327215829235
UKN09,2014,79,17.4292988967599,5753.4,4.51532036561213
UKN09,2015,81.6,18.4271123325075,5764.4,4.77428302089743
UKN09,2016,81.4,19.8539374579087,5765.8,4.51893288394551
UKN10,2012,73,17.7890623799416,5769.4,4.3322846956625
UKN10,2013,76.8,21.521505626794,5744.2,4.64428465549761
UKN10,2014,81.2,18.712364924576,5672.6,4.68262009764172
UKN10,2015,72.2,30.6193927013314,5755.4,5.02755981617089
UKN10,2016,82,19.9173296715098,5638,4.73290425776605
UKN11,2012,89.8,19.9167989694413,5748.6,4.77204142999085
UKN11,2013,74.6,19.3381640605272,5762,4.51191257562623
UKN11,2014,76,23.4217843550229,5686.6,4.58910968053288
UKN11,2015,73.6,18.0796883872844,5734.8,4.44748473770844
UKN11,2016,76.6,16.1629010527037,5743.6,4.48544248563602
UKN12,2012,75.4,16.4162186869724,5634.8,4.38081800782678
UKN12,2013,70.8,22.1004366918035,5742.4,4.58709915690648
UKN12,2014,78,24.294868471394,5708.6,4.8638708392224
UKN12,2015,82.8,15.2215782164827,5694.2,5.04295070962818
UKN12,2016,83.2,20.0200451571545,5697,4.47054834332224
UKN13,2012,75.8,14.0218964285165,5715.2,4.47022678037618
UKN13,2013,79.8,21.668441357763,5696.4,4.38036365703214
UKN13,2014,82.4,13.6682911949049,5685.2,4.81642168059194
UKN13,2015,77.8,17.6962065816108,5653.4,4.89175475946104
UKN13,2016,82.8,17.920837489452,5732.8,4.88489593331469
UKN14,2012,80.4,20.5361968598002,5754.8,4.31096756325773
UKN14,2013,80.2,19.1630588366836,5768.2,4.72438689270195
UKN14,2014,73.4,13.2298523960156,5764.8,4.37711207564824
UKN14,2015,82.6,24.3880837710955,5685.6,4.62408220437794
UKN14,2016,77.4,22.3356266014524,5749,4.61920801385881
UKN15,2012,76.2,24.9021278892175,5736.4,4.67713617047624
UKN15,2013,75.2,13.2241050258318,5681.8,4.76387323276425
UKN15,2014,80.2,19.9234187529977,5659.2,4.60895763727359
UKN15,2015,80.4,20.4616362866149,5768.2,4.69224818613949
UKN15,2016,72,21.7587686070816,5685.8,4.40474669299765
UKN16,2012,79.8,18.4426871961858,5766,4.67285446833565
UKN16,2013,80.6,15.7601544539406,5729.6,4.65346958656646
UKN16,2014,80.8,19.4677227909174,5754.6,4.90822927722663
UKN16,2015,75.6,14.8651422280042,5761.6,4.82754118275098
UKN16,2016,79.2,12.5324256026461,5788,4.46604106971177
